url,username,fid,first_cast_hash
https://warpcast.com/emaar,emaar,269064,0x60b122b2fad7a6da97edccfd8b94bfdca78f64a2
https://warpcast.com/mobingh,mobingh,326608,0x60b122b2fad7a6da97edccfd8b94bfdca78f64a2
https://warpcast.com/shayanzahedi,shayanzahedi,307067,0x60b122b2fad7a6da97edccfd8b94bfdca78f64a2
https://warpcast.com/sama1,sama1,278743,0x60b122b2fad7a6da97edccfd8b94bfdca78f64a2
https://warpcast.com/aab696bccas,aab696bccas,329125,0x60b122b2fad7a6da97edccfd8b94bfdca78f64a2
https://warpcast.com/ryoshivision,ryoshivision,342503,0x60b122b2fad7a6da97edccfd8b94bfdca78f64a2
https://warpcast.com/artam,artam,329134,0x60b122b2fad7a6da97edccfd8b94bfdca78f64a2
https://warpcast.com/hasanz,hasanz,343113,0x60b122b2fad7a6da97edccfd8b94bfdca78f64a2
https://warpcast.com/xlool,xlool,269973,0x60b122b2fad7a6da97edccfd8b94bfdca78f64a2
https://warpcast.com/amingh96,amingh96,278158,0x60b122b2fad7a6da97edccfd8b94bfdca78f64a2
https://warpcast.com/onlygod,onlygod,17184,0x60b122b2fad7a6da97edccfd8b94bfdca78f64a2
https://warpcast.com/ryoshivision,ryoshivision,342503,0x60b122b2fad7a6da97edccfd8b94bfdca78f64a2
https://warpcast.com/saeedfx,saeedfx,19250,0x60b122b2fad7a6da97edccfd8b94bfdca78f64a2
https://warpcast.com/iranium,iranium,298825,0x60b122b2fad7a6da97edccfd8b94bfdca78f64a2
https://warpcast.com/paypaleth.eth,paypaleth.eth,15478,0x60b122b2fad7a6da97edccfd8b94bfdca78f64a2
https://warpcast.com/mohammadbn,mohammadbn,335072,0x60b122b2fad7a6da97edccfd8b94bfdca78f64a2
https://warpcast.com/arenamiri,arenamiri,304536,0x60b122b2fad7a6da97edccfd8b94bfdca78f64a2
https://warpcast.com/saji,saji,323388,0x60b122b2fad7a6da97edccfd8b94bfdca78f64a2
https://warpcast.com/ghranishah,ghranishah,303580,0x60b122b2fad7a6da97edccfd8b94bfdca78f64a2
https://warpcast.com/hmtiamirali,hmtiamirali,270122,0x60b122b2fad7a6da97edccfd8b94bfdca78f64a2
https://warpcast.com/alirahimy1992,alirahimy1992,273254,0x60b122b2fad7a6da97edccfd8b94bfdca78f64a2
https://warpcast.com/amirmh0235,amirmh0235,298826,0x60b122b2fad7a6da97edccfd8b94bfdca78f64a2
https://warpcast.com/naimeh,naimeh,15949,0x60b122b2fad7a6da97edccfd8b94bfdca78f64a2
https://warpcast.com/670,670,331817,0x60b122b2fad7a6da97edccfd8b94bfdca78f64a2
https://warpcast.com/kehsan,kehsan,14600,0x60b122b2fad7a6da97edccfd8b94bfdca78f64a2
https://warpcast.com/nimabmax,nimabmax,338624,0x60b122b2fad7a6da97edccfd8b94bfdca78f64a2
https://warpcast.com/amirm0446,amirm0446,329174,0x60b122b2fad7a6da97edccfd8b94bfdca78f64a2
https://warpcast.com/alirezabarakzai,alirezabarakzai,325098,0x60b122b2fad7a6da97edccfd8b94bfdca78f64a2
https://warpcast.com/arzdigi,arzdigi,241112,0x60b122b2fad7a6da97edccfd8b94bfdca78f64a2
https://warpcast.com/hajamin,hajamin,310705,0x60b122b2fad7a6da97edccfd8b94bfdca78f64a2
https://warpcast.com/shahin,shahin,270017,0x60b122b2fad7a6da97edccfd8b94bfdca78f64a2
https://warpcast.com/mehdivision,mehdivision,295427,0x60b122b2fad7a6da97edccfd8b94bfdca78f64a2
https://warpcast.com/aidenm,aidenm,338645,0x60b122b2fad7a6da97edccfd8b94bfdca78f64a2
https://warpcast.com/migbird,migbird,14555,0x60b122b2fad7a6da97edccfd8b94bfdca78f64a2
https://warpcast.com/bazarnegar,bazarnegar,347118,0x60b122b2fad7a6da97edccfd8b94bfdca78f64a2
https://warpcast.com/ma3x,ma3x,14568,0x60b122b2fad7a6da97edccfd8b94bfdca78f64a2
https://warpcast.com/sarhangi,sarhangi,295057,0x60b122b2fad7a6da97edccfd8b94bfdca78f64a2
https://warpcast.com/azaco,azaco,339141,0x60b122b2fad7a6da97edccfd8b94bfdca78f64a2
https://warpcast.com/afarin,afarin,298243,0x60b122b2fad7a6da97edccfd8b94bfdca78f64a2
https://warpcast.com/misagh,misagh,291307,0x60b122b2fad7a6da97edccfd8b94bfdca78f64a2
https://warpcast.com/pooya,pooya,329229,0x60b122b2fad7a6da97edccfd8b94bfdca78f64a2
https://warpcast.com/marygh,marygh,14366,0x60b122b2fad7a6da97edccfd8b94bfdca78f64a2
https://warpcast.com/ehsanbahamin,ehsanbahamin,293706,0x60b122b2fad7a6da97edccfd8b94bfdca78f64a2
https://warpcast.com/nmnima,nmnima,315225,0x60b122b2fad7a6da97edccfd8b94bfdca78f64a2
https://warpcast.com/0033,0033,347715,0x60b122b2fad7a6da97edccfd8b94bfdca78f64a2
https://warpcast.com/arasfarcaster,arasfarcaster,291771,0x60b122b2fad7a6da97edccfd8b94bfdca78f64a2
https://warpcast.com/miladcypto,miladcypto,324143,0x60b122b2fad7a6da97edccfd8b94bfdca78f64a2
https://warpcast.com/mahdisobhaninft1,mahdisobhaninft1,326728,0x60b122b2fad7a6da97edccfd8b94bfdca78f64a2
https://warpcast.com/arsam,arsam,296027,0x60b122b2fad7a6da97edccfd8b94bfdca78f64a2
https://warpcast.com/ainre,ainre,325284,0x60b122b2fad7a6da97edccfd8b94bfdca78f64a2
https://warpcast.com/maza2004,maza2004,333821,0x60b122b2fad7a6da97edccfd8b94bfdca78f64a2
https://warpcast.com/0xworship,0xworship,251966,0x60b122b2fad7a6da97edccfd8b94bfdca78f64a2
https://warpcast.com/madman963,madman963,268545,0x60b122b2fad7a6da97edccfd8b94bfdca78f64a2
https://warpcast.com/0xferferi,0xferferi,277719,0x60b122b2fad7a6da97edccfd8b94bfdca78f64a2
https://warpcast.com/zahrac77,zahrac77,323261,0x60b122b2fad7a6da97edccfd8b94bfdca78f64a2
https://warpcast.com/cruella,cruella,338402,0x60b122b2fad7a6da97edccfd8b94bfdca78f64a2
https://warpcast.com/0xbnb,0xbnb,16793,0x60b122b2fad7a6da97edccfd8b94bfdca78f64a2
https://warpcast.com/javad3pa,javad3pa,325744,0x60b122b2fad7a6da97edccfd8b94bfdca78f64a2
https://warpcast.com/arpachinou,arpachinou,17399,0x60b122b2fad7a6da97edccfd8b94bfdca78f64a2
https://warpcast.com/parinaz,parinaz,293751,0x60b122b2fad7a6da97edccfd8b94bfdca78f64a2
https://warpcast.com/hassanazizi,hassanazizi,345291,0x60b122b2fad7a6da97edccfd8b94bfdca78f64a2
https://warpcast.com/immortalll,immortalll,316962,0x60b122b2fad7a6da97edccfd8b94bfdca78f64a2
https://warpcast.com/hamedfanayi,hamedfanayi,292896,0x60b122b2fad7a6da97edccfd8b94bfdca78f64a2
https://warpcast.com/whitetrex,whitetrex,261255,0x60b122b2fad7a6da97edccfd8b94bfdca78f64a2
https://warpcast.com/ebiuo,ebiuo,262679,0x60b122b2fad7a6da97edccfd8b94bfdca78f64a2
https://warpcast.com/honey1,honey1,298789,0x60b122b2fad7a6da97edccfd8b94bfdca78f64a2
https://warpcast.com/sonovo,sonovo,218867,0x60b122b2fad7a6da97edccfd8b94bfdca78f64a2
https://warpcast.com/parsanft89,parsanft89,329007,0x60b122b2fad7a6da97edccfd8b94bfdca78f64a2
https://warpcast.com/hajkia,hajkia,279194,0x60b122b2fad7a6da97edccfd8b94bfdca78f64a2
https://warpcast.com/hanikm,hanikm,318836,0x60b122b2fad7a6da97edccfd8b94bfdca78f64a2
https://warpcast.com/rezaasadi,rezaasadi,295266,0x60b122b2fad7a6da97edccfd8b94bfdca78f64a2
https://warpcast.com/reza369,reza369,293005,0x60b122b2fad7a6da97edccfd8b94bfdca78f64a2
https://warpcast.com/mrboof,mrboof,283169,0x60b122b2fad7a6da97edccfd8b94bfdca78f64a2
https://warpcast.com/danialovic,danialovic,295706,0x60b122b2fad7a6da97edccfd8b94bfdca78f64a2
https://warpcast.com/azade,azade,319721,0x60b122b2fad7a6da97edccfd8b94bfdca78f64a2
https://warpcast.com/khodetaha1387,khodetaha1387,307152,0x60b122b2fad7a6da97edccfd8b94bfdca78f64a2
https://warpcast.com/reza9513,reza9513,270262,0x60b122b2fad7a6da97edccfd8b94bfdca78f64a2
https://warpcast.com/zare,zare,272688,0x60b122b2fad7a6da97edccfd8b94bfdca78f64a2
https://warpcast.com/loni,loni,336269,0x60b122b2fad7a6da97edccfd8b94bfdca78f64a2
